imdbId,imdbid,Movie Name,Argentina,Aruba,Australia,Austria,Bahrain,Belgium,Bolivia,Brazil,Bulgaria,Cambodia,Chile,China,Colombia,Croatia,Curaçao,Czech Republic,Denmark,Domestic,Ecuador,Egypt,Estonia,Ethiopia,Finland,France,Germany,Ghana,Greece,Hong Kong,Hungary,Iceland,India,Iraq,Israel,Italy,Japan,Jordan,Kenya,Kuwait,Latvia,Lebanon,Lithuania,Malaysia,Mexico,Mongolia,Netherlands,New Zealand,Nigeria,Norway,Oman,Pakistan,Peru,Philippines,Poland,Portugal,Qatar,Romania,Russia,Russia/CIS,Serbia and Montenegro,Singapore,Slovakia,Slovenia,South Africa,South Korea,Spain,Sweden,Switzerland (French),Switzerland (German),Taiwan,Thailand,Tunisia,Türkiye,Ukraine,United Arab Emirates,United Kingdom,Uruguay,Venezuela,Vietnam,West Indies
0461989,,The Magician (2005),,,,,,,,,,,,,,,,,,$406,,,,,,,,,,,,,,,,,,,,,,,,,,,,,,,,,,,,,,,,,,,,,,,,,,,,,,,,,"$18,218",,,,
0986225,,Duska (2007),,,,,,,,,,,,,,,,,,,,,,,,,,,,,,,,,,,,,,,,,,,,,,,,,,,,,,,,,,"$48,780",,,,,,,,,,,,,,,,,,,,,
2807624,,The Closed Circuit (2013),,,,,,,,,,,,,,,,,,,,,,,,,,,,,,,,,,,,,,,,,,,,,,,,,,,,,"$3,419,855",,,,,,,,,,,,$942,,,,,,,,,,"$82,518",,,,
4048050,,My Golden Days (2015),,,,,,"$27,796",,,,,,,,,,,,"$269,144",,,,,,"$1,148,626",,,,,,,,,,,,,,,,,,,,,,,,"$10,484",,,,,,"$9,534",,"$2,800",,,,,,,,,"$41,389",,,,,,,,,,"$1,368",,,,
2222584,,In No Great Hurry: 13 Lessons in Life with Saul Leiter (2013),,,,,,,,,,,,,,,,,,"$12,133",,,,,,,,,,,,,,,,,,,,,,,,,,,,,,,,,,,,,,,,,,,,,,"$8,873",,,,,,,,,,,,,,,
2402101,,Dark Places (2015),"$25,119",,,,,"$223,074",,"$93,353",,,"$18,442",,"$80,351",,,"$21,696",,,"$30,414",,,,,"$1,354,953","$10,726",,"$156,270","$203,572",,,,,,"$138,553",,,"$3,035",,,"$7,738",,"$64,574","$274,741",,"$183,671",,,"$35,200",,,"$10,804","$13,653",,"$53,609",,,,,,"$91,176","$14,599",,"$40,529","$361,607",,"$28,021",,,"$1,027,700","$49,212",,"$100,824",,,$892,"$14,802","$137,614","$11,740",
0929742,,Deep Gold 3D (2011),,,,,,,,,,,,,,,,,,,,,,,,,,,,,,,,,,,,,,,,,,,,,,,,,,,,"$9,868",,,,,,,,,,,,,,,,,,,,,,,,,,,
0253225,,Mademoiselle (2001),,,,,,,,,,,,,,,,,,,,,,,,,,,,,,,,,,,,,,,,,,,"$39,015",,,,,,,,,,,,,,,,,,,,,,,,,,,,,,,,,,,,
1989712,,In Another Country (2012),"$10,319",,,,,,,"$137,304",,,,,,,,,,,,,,,,"$211,859",,,,,,,,,,"$60,956",,,,,,,,,"$23,872",,,,,,,,,,,,,,,,,,,,,"$64,128","$77,848",,,,,,,,,,,,,,
0220672,,The Marriage of Figaro (1976),,,"$33,165",,,,,,,,,,,,,,,,,,,,,,,,,,,,,,,,,,,,,,,,,,,,,,,,,,,,,,,,,,,,,,,,,,,,,,,,,,,,
2624412,,Boulevard (2014),,,,,,,,,,,,,,,,,,"$126,150",,,,,,"$69,157","$4,099",,,"$33,889",,,,,,,,,,,,,,,,,,,,,,,,,,$961,,,,,,"$6,194",,,,"$81,337",,,,,,,,,,,,,,,
3966404,,Mustang (2015),"$51,056",,"$282,215","$50,681",,"$199,837",,"$57,009",,,"$11,889",,"$65,768","$4,395",,,"$63,665",,"$9,758",,,,"$10,124","$820,277","$636,706",,"$20,354",,"$46,527",,,,,"$463,924",,,,,,"$7,165",,,"$63,229",,,,,"$13,143",,,,,"$117,679","$30,807",,,,"$7,100",,,,,,"$41,974","$794,284",,"$54,681",,,,,"$89,837",,,"$402,737","$12,379",,,
3882000,,Microbe & Gasoline (2015),,,,,,,,,,,,,,,,,,,,,,,,"$221,044",,,,,,,,,,,,,,,,"$2,543",,,,,,,,,,,,,,"$1,759",,"$1,024",,,,,,,,"$12,314",,,,,,,,,,,"$1,301",,,,
3863552,,Bajrangi Bhaijaan (2015),,,"$1,238,445",,,,,,,,,"$45,534,364",,,,,,"$8,178,001",,,,,,,,,,,,,"$62,036,910",,,,,,,,,,,,,,,"$388,177",,,,,,,,,,"$6,268",,,,,,,,,,,,,,,,"$44,640",,,"$3,699,383",,,,
4328798,,Masss (2015),,,"$81,466",,,,,,,,,,,,,,,,,,,,,,,,,,,,,,,,,,,,,,,"$32,350",,,,,,,,,,,,,,,,,,,,,,,,,,,,,,,,,"$131,748",,,,
1483820,,Aadhavan (2009),,,,,,,,,,,,,,,,,,,,,,,,,,,,,,,,,,,,,,,,,,"$1,456,618",,,,,,,,,,,,,,,,,,,,,,,,,,,,,,,,,,,,,
2140465,,Tanu Weds Manu Returns (2015),,,"$405,031",,,,,,,,,,,,,,,,,,,,,,,,,,,,,,,,,,,,,,,"$30,446",,,,"$62,810",,,,,,,,,,,,,,,,,,,,,,,,,,,,,"$638,315",,,,
1663202,,The Revenant (2015),"$3,173,108",,"$15,254,833","$3,747,708","$506,910","$5,137,539","$305,173","$10,216,205","$361,994",,"$1,686,540","$58,684,119","$1,301,747","$306,555",,"$1,574,043","$5,374,169",,"$626,212","$135,019",,"$5,468","$2,554,845","$28,238,162","$28,790,742",,"$2,332,058","$2,931,731","$1,066,271","$193,824","$1,826,088",,"$1,796,146","$1,536,561","$5,467,020",,"$29,292",,,"$427,316","$279,015","$491,196","$12,958,023",,"$7,401,299","$2,157,545",,"$3,418,201","$240,300",,"$1,282,281","$526,966","$3,173,653","$1,943,760","$509,482","$764,981",,"$16,193,801","$254,519","$1,360,280","$685,769","$207,577","$568,303","$13,355,576","$16,142,025","$3,555,101","$1,253,749","$3,999,375","$3,468,696","$620,730",,"$3,026,573","$761,872","$2,752,169","$32,888,019","$272,983","$247,975","$149,320",
1249306,,Giovanna's Father (2008),"$9,129",,,,,$980,,,,,,,,,,,,,,,,,,,,,,,,,,,,"$4,846,636",,,,,,,,,,,,,,,,,,,,,,,,,,,,,,,,,,,,,,,,,,,,,
0483206,,The Wind Blows Round (2005),,,,,,,,,,,,,,,,,,,,,,,,,,,,,,,,,,"$659,151",,,,,,,,,,,,,,,,,,,,,,,,,,,,,,,,,,,,,,,,,,,,,
1591123,,It Begins with the End (2010),,,,,,,,,,,,,,,,,,,,,,,,"$162,272",,,,,,,,,,,,,,,,,,,,,,,,,,,,,,,,,,,,"$14,649",,,,"$22,091",,,,,,,,,,,,,,,
3715320,,Irrational Man (2015),"$815,783",,"$296,748","$230,314",,"$354,629",,"$826,596","$43,498",,,,"$91,210","$24,847",,"$98,750","$258,872",,,,"$6,600",,"$75,741","$6,348,367","$1,292,275",,"$649,962","$109,071","$65,914",,,,,"$3,676,258",,,,,"$28,015",,"$22,450",,"$123,318",,"$397,524","$41,701",,"$78,391",,,"$20,650",,"$979,219","$273,237",,"$54,873",,"$746,671",,"$24,037","$46,395","$7,034","$25,879","$134,097","$2,347,074","$47,813","$319,769","$231,460","$81,473","$14,406",,"$114,233","$34,310",,"$638,508","$73,487",,,
3278330,,Tale of Tales (2015),,,,"$42,939",,,,"$25,972",,,,,,"$3,378",,,,"$118,925",,,,,"$48,234","$631,293","$20,186",,"$35,046",,,,,,,"$3,276,144",,,,,,,,,,,,,,"$8,867",,,,,"$62,826","$8,413",,,,"$449,301",$824,,,,,"$193,818","$14,125","$9,908",,,,,,,,"$34,316","$515,762",,,,
0498525,,Lissi und der wilde Kaiser (2007),,,,,,,,,,,,,,,,,,,,,,,,,,,,,,,,,,,,,,,,,,,,,,,,,,,,,,,,,,"$1,005,817",,,,,,,,,,,,,,,,,,,,,
0451010,,One Missed Call 2 (2005),,,,,,,,,,,,,,,,,,,,,,,,,,,,"$131,569",,,,,,,"$9,062,843",,,,,,,,,,,,,,,,,,,,,,,"$106,560",,,,,,"$2,008,503",,,,,"$469,477",,,,,,,,,,
0978797,,One Missed Call 3: Final (2006),,,,,,,,,,,,,,,,,,,,,,,,,,,,,,,,,,,"$4,462,907",,,,,,,,,,,,,,,,,,,,,,,"$162,279",,,,,,"$1,531,247",,,,,"$368,740",$695,,,,,,,,,
4126304,,Cartel Land (2015),,,,,,,,,,,,,,,,,,,,,,,,,"$58,107",,,,,,,,,,,,,,,,,,"$279,493",,,,,,,,,,,,,,,,,,,,,,,,,,,,,,,,"$103,971",,,,
2631186,,Baahubali: The Beginning (2015),,,,,,,,,,,,"$1,112,291",,,,,,"$6,738,000",,,,,,,,,,,,,"$16,613,251",,,,,,,,,,,,,,,"$4,920",,,,,,,,,,,,,,,,,,"$18,963",,,,,,,,,,"$10,758","$49,855",,,,
3526408,,Yellowbird (2014),,,,"$98,003",,,"$8,851",,"$21,865",,,"$207,155",,,,"$40,593",,,,,"$92,065",,,,,,"$62,289",,"$101,878",,,,,,,,"$18,743",,"$60,498","$60,334","$91,655",,,,,,,,"$5,474",,,,"$1,055,173","$133,171",,"$178,917",,"$1,036,928",,,,,"$144,031",,"$33,142",,,,,,,"$185,166",,"$154,183",,,,,
3062976,,Learning to Drive (2014),,,"$177,472","$152,598",,,,,,,,,,,,,,,,,,,,,"$969,739",,"$38,525","$46,434",,,,,,,,,,,,,,,,,,"$210,396",,,,,,,,,,,,,,,,,,,"$879,123",,,,,,,,,,"$45,596",,,,
3162938,,The True Cost (2015),,,,,,,,,,,,,,,,,,,,,,,,,,,,,,,,,,,,,,,,,,,,,,,,,,,,,,,,,,"$6,618",,,,,,,,,,,,,,,,,,,,,
3461252,,The Blue Elephant (2014),,,,,,,,,,,,,,,,,,,,,,,,,,,,,,"$13,181",,,,,,,,,,,,,,,,,,,,,,,,,,,,,,,,,,,,,,,,,,"$342,698",,"$331,717",,,,,
3411432,,All Creatures Big And Small (2015),"$157,480",,,"$418,625",,"$316,394","$122,942","$390,005","$185,430",,"$125,955","$1,830,151","$10,205","$161,749",,"$34,844",,,"$363,674",,"$118,735",,,"$3,354,765","$1,695,025",,,,"$117,974","$45,797",,,,"$377,887",,"$1,571","$11,763",,"$47,852","$6,249","$104,630","$50,649","$877,937",,"$405,994",,,,,,"$421,305",,"$1,074,458","$206,536",,"$70,134",,"$1,377,038","$13,677",,"$79,949","$6,524",,"$1,354,131","$839,933",,,,,,,,"$132,755",,"$3,809,182","$19,598","$2,044,197",,
1798684,,Southpaw (2015),"$242,708",,"$3,722,359","$493,232",,"$545,436","$11,128","$75,437","$94,874",,"$70,765","$1,168,081",$748,"$41,605",,"$102,181","$227,440",,"$51,928",,"$92,127",,"$114,915","$4,432,922","$2,509,359",,"$411,263","$262,727","$20,612","$52,794","$74,605",,,"$1,371,785",,"$58,534",,,"$39,149","$187,188","$49,679","$122,949","$1,366,459",,"$291,527","$340,433",,"$187,617","$1,311",,"$97,511","$40,861","$514,776","$94,927",,"$318,363",,"$722,893",,"$194,131","$124,373",,"$119,313","$618,471","$517,708","$496,294","$218,562","$418,324","$659,915","$134,091",,"$262,496","$46,546","$744,152","$12,283,085",,,,
3397884,,Sicario (2015),"$332,549","$10,391","$3,834,030","$329,982","$113,841","$486,901","$15,382","$199,001","$133,297","$12,800","$152,457",,,"$50,916","$10,236","$100,237","$319,221","$46,889,293","$48,711","$22,500","$35,150",,"$201,027","$2,669,472","$2,363,150","$162,230","$162,230","$351,255","$187,339","$61,231","$81,220","$26,478","$332,378","$923,268","$1,043,808","$55,260","$42,168","$228,308","$31,093","$214,119","$51,047","$144,984","$2,234,320","$13,500","$591,864","$361,414","$85,314","$208,402","$31,571","$26,192","$68,637","$70,549","$551,861","$250,915","$156,345","$222,461",,"$340,772",,"$387,669","$71,167","$8,208","$140,362","$998,475","$1,954,488","$440,373","$40,449","$471,917","$364,324","$332,363",,"$92,437","$137,161","$1,045,911","$7,236,353","$30,478","$86,468","$48,230","$52,802"
3086442,,Goodnight Mommy (2014),"$110,662",,,"$50,699",,,,"$72,477",,,"$315,975",,,,,,,,"$70,869",,,,,,"$3,798",,,,,"$5,056",,,,,,,,,,,,,"$353,034",,,,,,,,,,"$2,313",,,"$1,813",,,,,,,,,,,,,,,,"$10,145",,,"$18,437",,,,
2191765,,One Wild Moment (2015),,,,,,,,"$8,464",,,,,,,,,,,,,,,,,,,,,,,,,,,,,,,,,,,,,,,,,,,,,,,,,,,,,,,,,,,,,,,,,,,,,,,
3149038,,A Brilliant Young Mind (2014),,,"$176,435",,,"$20,557",,,,,,,,,,,,,,,,,,,,,,"$74,224",,,,,,,,,,,,,,,,,"$24,231","$112,608",,,,,,,,,,,,,,,,,,,,,,,,"$19,951",,,,,"$443,821",,,,
0443465,,Before We Go (2014),,,,,,,,,,,,,,,,,,,,,,,,,,,,"$56,996",,,,,,,,,,,,"$62,686",,,,,,,,,,,,,,"$15,047",,,,,,"$9,064","$58,924",,"$20,118",,,,,,"$11,833",,,"$67,587",,"$123,469",,,,,
2614860,,Marina (2013),,,,,,,,"$73,356",,,,,,,,,,,,,,,,,,,,,,,,,,,,,,,,,,,,,,,,,,,,,,,,,,,,,,,,,,,,,,,,,,,,,,,
1157631,,Dog Eat Dog (2008),,,,,,,,,,,,,"$671,736",,,,,$80,,,,,,,,,,,,,,,,,,,,,,,,,,,,,,,,,,,,,,,,,,,,,,,,,,,,,,,,,,,,,
0884335,,Chrysalis (2007),,,,,,,,,,,,,,,,,,,,,,,,,,,,"$24,688",,,,,,,,,,,,,,,,,,,,,,,,,,,,,,,,,,,,,,,,,,,,,,,,,,,
3526706,,Chevalier (2015),,,,,,,,,,,,,,,,,,,,,,,,,,,"$26,061",,,,,,,,,,,,,,,,,,,,,,,,,,,"$1,114",,,,,,,,$899,,,,,,,,,,,,,"$23,820",,,,
2401878,,Anomalisa (2015),"$22,916",,,"$29,226",,"$68,924",,"$80,942",,,,,,,,,,,"$7,117",,,,,"$167,895","$123,592",,,"$35,919",,"$6,403",,,,"$42,217",,,,,,,,,"$54,745",,,,,,,,"$3,468",,"$6,818","$13,271",,,,,,"$23,288",,,"$9,666","$81,861","$71,906",,,,"$21,912","$9,865",,,,"$8,711","$321,379",$458,,,
4005402,,Colonia (2015),,,,"$151,962",,,,,,,,,,,,"$91,707",,,,,,,,"$882,273","$1,965,877",,,,,,,,,"$185,421",,,,,,"$15,907",,,,,,,,,"$5,460",,,,,,,,,"$98,172",,,"$26,666","$1,295",,,"$15,038",,,"$75,610",,"$31,424",,,"$4,398","$54,127",,,,,
3906444,,But Always (2014),,,"$132,337",,,,,,,,,"$36,590,000",,,,,,,,,,,,,,,,"$815,635",,,,,,,,,,,,,,,,,,"$31,524",,,,,,,,,,,,,,"$38,992",,,,,,,,,,,,,,,,,,,
3043630,,Tiny Times (2013),,,,,,,,,,,,"$77,600,000",,,,,,,,,,,,,,,,"$93,552",,,,,,,,,,,,,,,,,,,,,,,,,,,,,,,,,,,,,,,,,,,,,,,,,,,
3086582,,Tiny Times 2.0 (2013),,,,,,,,,,,,"$47,220,000",,,,,,,,,,,,,,,,"$26,149",,,,,,,,,,,,,,,,,,,,,,,,,,,,,,,,,,,,,,,,,,,,,,,,,,,
4074958,,Somewhere Only We Know (2015),,,"$69,994",,,,,,,,,"$45,160,000",,,,,,,,,,,,,,,,"$6,642",,,,,,,,,,,,,,,,,,"$18,734",,,,,,,,,,,,,,,,,,,,,,,,,,,,,,,,,
3896016,,The Continent (2014),,,,,,,,,,,,"$100,110,000",,,,,,,,,,,,,,,,,,,,,,,,,,,,,,,,,,,,,,,,,,,,,,,,,,,,,,,,,,,,,,,,,,,
1929433,,Triumph in the Skies (2015),,,,,,,,,,,,"$24,590,000",,,,,,,,,,,,,,,,,,,,,,,,,,,,,,,,,,,,,,,,,,,,,,,,,,,,,,,,,,,,,,,,,,,
3667648,,Do Not Disturb (2014),,,,,,,,"$30,155",,,,,,,,,,,,,,,,,,,,,,,,,,,,,,,,,,,,,,,,,,,"$15,374",,,,,,,"$14,547",,,,,,,,,,,,,,,,,,,,,
1725986,,Some Kind of Beautiful (2014),,,,,,,,,,,,,,,,,,,,,,,,,,,,"$24,773",,,,,,,,,,,,,,,"$815,338",,,,,,,,,,,,,,,"$194,787",,,,,,,,,,,,,,,,,,,,,
2737926,,Always Watching: A Marble Hornets Story (2015),,,,,,,,,,,,,,,,,,,,,,,,,,,,,,,,,,,,,,,,,,,,,,,,,,,,"$10,763",,,,,,"$660,972",,,,,,,,,,,,,,,,,,,,,
1528750,,Four Lovers (2010),,,,,,"$33,232",,,,,,,,,,,,,,,,,,,,,,,,,,,,,,,,,,,,,,,,,,,,,,,,,,,,,,,,,,,"$29,482",,,,"$16,210",,,"$14,071",,,,,,,
1524575,,The Vatican Tapes (2015),"$836,399",,,"$180,952",,,"$115,525","$855,419",,,"$175,480",,"$609,101",,,,,,"$253,897","$63,914","$6,558",,,"$769,688","$161,403",,"$96,246",,,,"$55,376",,,"$668,333",,"$42,809",,,"$9,120","$65,026","$42,218","$278,893","$2,990,474",,,,,,,,"$882,952","$97,221","$508,558","$73,110",,,,"$990,769","$13,165","$137,535",,,"$29,144",,"$130,596",,,,,"$9,389",,,"$45,173",,$201,"$36,357",,,
2822742,,3 Hearts (2014),,,,"$24,379",,"$182,451",,"$39,965",,,,,,,,,,,,,,,,"$2,319,513",,,,,,,,,,"$240,495",,,,,,,,,,,,,,,,,,,,,,,,,,,,,,,"$109,822",,,,,,,,,,,,,,
3756788,,Our Little Sister (2015),"$17,738",,,"$16,240",,,,"$44,078",,,,,"$16,004",,,"$2,691",,"$467,555",,,,,,,"$128,916",,,"$277,289",,,,,,"$67,258","$13,306,967",,,,,,,,"$32,493",,,"$196,520",,,,,,,,,,,,,,,,"$7,315",,"$653,340","$460,062",,,,"$138,068","$36,226",,,,,"$68,160","$9,189",,,
2361509,,The Intern (2015),"$1,301,285",,"$6,722,298","$736,034",,"$854,260","$34,617","$2,258,044","$134,937",,"$307,795",,"$606,280","$155,334",,"$223,184","$1,842,371",,"$227,618",,"$113,210",,"$342,561","$2,597,353","$4,953,126","$148,374","$479,350","$3,936,786","$765,922","$58,404","$759,132",,"$1,778,538","$2,355,374","$14,015,444","$31,969","$15,017",,"$101,642","$436,365","$22,670","$241,912","$5,940,670",,"$1,639,265","$619,143","$76,222",,"$7,881",,"$586,717","$462,188","$1,050,920","$754,647",,"$474,279","$3,000,000","$4,434,498","$72,767","$1,227,995","$209,630","$29,687","$521,070","$24,069,877","$3,463,866","$1,008,546","$284,235","$1,142,225","$7,687,807","$713,665",,"$711,593","$494,226","$1,582,839","$4,121,679","$131,656","$2,866,948","$111,779",
0428965,,La petite Jérusalem (2005),,,,,,,,,,,,,,,,,,"$53,580",,,,,,"$378,043",,,,,,,,,,,,,,,,,,,,,,,,,,,,,,,,,,,,,,,,,,,,,,,,,,,,"$6,890",,,
3467412,,Extinction (2015),,,,,,,,,,,,,,,,,,,,,,,,,,,,,,,,,,,,,,,,,,,,,,,,,,,"$37,884",,,,,,,,,,,,,,,,,,,,,,,,,,,,
3074784,,Intrepido: A Lonely Hero (2013),,,,,,,,,,,,,,,,,,,,,,,,,,,,,,,,,,"$1,544,866",,,,,,,,,,,,,,,,,,,,,,,,,,,,,,,,,,,,,,,,,,,,,
2082496,,A Bottle in the Gaza Sea (2010),,,,,,"$33,598",,"$175,721",,,,,,,,,,,,,,,,"$305,966",,,,,,,,,,,,,,,,,,,,,,,,,,,,,,,,,,,,,,,,,"$144,854",,,,,,,,,,,,,,
3774694,,Love (2015),,,,"$39,548",,,,"$58,857",,,,,"$9,625","$8,464",,"$48,377",,,,,,,"$12,746","$101,157","$45,918",,,,,"$12,221",,,,,,,,,,,"$58,042",,"$80,067",,,,,,,,,,,"$10,660",,"$11,471",,,"$9,608",,"$2,234","$37,150",,,,,,,,,,,,,"$65,829",,,,
3170832,,Room (2015),"$321,150",,"$697,777","$80,509",,"$164,150","$17,052","$1,185,909",,,"$47,468",,,"$28,359",,"$9,489","$241,863","$14,677,654","$73,188",,,,"$116,321","$738,683","$684,658",,"$303,871","$649,972",,"$70,502",,,,"$1,230,899","$1,620,378",,,,,"$22,972",,,"$1,760,929",,"$675,388","$151,159",,"$131,944","$1,060",,"$71,806",,"$464,911","$232,960",,,,"$14,962","$12,697","$142,669","$29,385","$12,448","$95,892","$596,351","$2,165,418","$43,872",,,"$460,186","$29,837",,"$139,670",,"$56,096","$4,418,834","$60,279","$22,965",,
1945044,,Exeter (2015),,,,,,,"$16,189",,,,,,,,,,,,,,,,,,,,,,,,,,,,,,,,,,,"$137,913",,,,,,,,,"$43,397","$17,554",,,,,,,,,,,,,,,,,,"$9,567",,,,,,,,,
1178197,,The World is Big and Salvation Lurks Around the Corner (2008),"$17,949",,,,,,,,,,,,,,,,,,,,,,,,,,,,,,,,,,,,,,,,,,,,,,,,,,,,,,,,,,,,,,,,,,,,,,,,,,,,,,
2593224,,In the Courtyard (2014),,,,,,,,,,,,,,,,,,,,,,,,,,,,,,,,,,,,,,,,,,,,,,,,,,,,,,,,,,,,,,,,,,,,,,,,,,,,"$18,690",,,
0475760,,Tokyo Tower (2005),,,,,,,,,,,,,,,,,,,,,,,,,,,,"$680,406",,,,,,,"$27,507,051",,,,,,,,,,,,,,,,,,,,,,,,,,,,,"$738,475",,,,,"$315,724",,,,,,,,,,
4415016,,Twenty (2015),,,,,,,,,,,,,,,,,,,,,,,,,,,,"$146,377",,,,,,,,,,,,,,"$9,159",,,,,,,,,,,,,,,,,,"$46,010",,,,"$21,861,512",,,,,,,,,,,,,,"$72,679",
4178092,,The Gift (2015),"$104,556",,"$1,737,116","$272,122",,,,"$300,480",,,,,"$52,927","$43,855",,"$89,953","$67,546","$43,787,265",,,"$3,454",,,,"$190,243",,,"$38,504",,"$24,066","$124,806",,,"$866,127",,,,,"$8,427","$47,588","$3,247",,"$1,302,568",,"$172,758",,,"$90,813",,,"$91,330","$21,903","$248,140","$39,644",,,,"$1,868","$36,101","$190,101","$36,987",,"$110,410","$37,069","$922,254","$40,201",,,,"$72,524",,,"$26,681",,"$2,268,314","$8,968",,,
4263482,,The Witch (2015),"$884,813",,"$519,218","$32,888",,,"$79,308","$2,519,823",,,"$31,209",,"$243,972",,,"$178,286",,,,,"$17,327",,,"$882,449","$831,448",,,,,"$17,058",,,,"$522,657",,,,,,"$25,854",,,"$3,414,834",,,"$39,015",,,"$5,198",,"$209,247",,,,,,,,,,"$96,068",,,,"$2,102,188",,,,,"$42,513",,,,"$285,250","$1,278,874",,"$55,322",,
1828229,,Tales of the Night (2011),,,,,,"$69,668",,"$7,547",,,,,,,,,,,,,,,,"$1,670,763",,,,,,,,,,,,,,,,,,,,,,,,,,,,,,,,,,,,,,,,,,,,,,,,,,,"$3,241",,,,
3877674,,Men & Chicken (2015),,,,,,,,,,,,,,,,,"$4,303,403",,,,,,,"$42,615","$245,392",,,,,,,,,,,,,,,,,,,,"$113,582",,,,,,,,,,,,,,,,,,,"$8,465",,,,"$7,420",,,,,,,"$14,388",,,,
4158624,,3 Generations (2015),"$9,567",,,,,"$11,969",,,,,,,,,,,,,,,,,"$10,057",,"$49,630",,,,,,,,,"$210,917",,,,,,,,,,,"$87,931",,,,,,,,,"$3,910",,,,,,,,,,"$55,662","$52,409",,,,,"$10,137",,"$22,226",,,,,,,
2131698,,Zaytoun (2012),,,,,,,,,,,,,,,,,,,,,,,,"$135,423",,,,,,,,,,,,,,,,,,,,,,,,,,,,,,,,,,,,,,,,,,,,,,,,,,,,,,,
3680410,,Last Cab to Darwin (2015),,,"$5,444,246",,,,,,,,,,"$18,190",,,,,"$34,193",,,,,,,,,,,,,,,,,,,,,,,,,,,,"$448,956",,,,,,,,,,,,,,,,,,,,,,,,,,,,,,,,,
3392330,,Short Peace (2013),,,,,,,,,,,,,,,,,,,,,,,,,,,,,,,,,,,"$605,945",,,,,,,,,,,,,,,,,,,,,,,,,,,,,,,,,,,,,,,,,,,,
3567288,,The Visit (2015),"$853,784",,"$2,162,810","$483,307",,"$299,562","$59,461","$660,198",,,,,,"$42,601",,,,,"$177,670","$36,000","$34,676",,"$209,665","$2,337,614","$4,620,741",,,,"$54,715",,,,"$293,709","$2,066,513",,"$29,917",,,"$21,849","$28,259","$39,005","$161,101","$1,504,004",,"$401,767",,,"$162,131","$1,268",,,"$13,753","$199,037","$283,957",,,,"$627,317","$24,279","$314,416",,"$27,319","$30,049","$351,420","$5,395,531",,"$48,952","$223,629","$177,885","$35,065",,"$189,434",,"$198,942","$3,130,052","$55,482","$416,759","$179,282",
1741273,,Secret in Their Eyes (2015),"$591,504",,"$1,085,906",,,,,"$792,664","$40,383",,"$155,441",,"$113,226",,,"$94,399","$55,062",,,,,,"$43,991",,"$396,793",,"$87,828","$240,175","$218,547",,,,,"$824,727",,,,,,"$187,967","$11,042",,"$1,856,632",,,"$162,716",,"$68,505","$2,593",,"$134,830",,"$366,015","$167,779",,"$209,282",,"$675,222",,,"$41,283","$7,163","$265,998","$104,397","$472,499","$36,940",,"$138,406","$452,712",,,"$207,675","$75,339","$401,067","$162,482","$41,022",,"$51,747",
2752772,,Sinister 2 (2015),"$428,364",,,"$422,483",,"$404,589","$127,993","$1,610,912",,,"$329,339",,"$454,985","$16,702",,"$230,196","$247,065",,"$252,330",,"$17,231",,"$290,381","$1,771,859","$2,005,876",,,"$19,326","$117,721",,,,,"$819,807",,"$71,086",,,"$43,150","$23,321","$51,558","$814,433","$2,520,742",,"$456,053",,,"$261,761",,,"$562,375","$232,810","$720,993",,,"$128,606",,"$2,335,537","$29,108","$306,105","$117,453",,,,"$503,486","$514,261",,,"$120,190","$57,809",,"$160,886","$100,314","$150,527","$4,838,437","$78,610","$821,425",,
4084744,,Battle for Sevastopol (2015),,,,,,,,,,,,,,,,,,,,,,,,,,,,,,,,,,,,,,,"$21,148",,"$13,130",,,,,,,,,,,,,,,,,"$8,405,850",,,"$49,828",,,,,,,,,,,,"$614,548",,,,,,
1224369,,Made in Hungaria (2009),,,,,,,,,,,,,,,,,,,,,,,,,,,,,"$929,274",,,,,,,,,,,,,,,,,,,,,,,,,,,,,,,,,,,,"$2,611",,,,,,,,,,,,,,
2371411,,Painted Skin: The Resurrection (2012),,,"$104,860",,,,,,,,,,,,,,,,,,,,,,,,,"$1,176,506",,,,,,,,,,,,,,"$489,845",,,,"$96,381",,,,,,,,,,,,,,"$470,204",,,,,,,,,,"$67,138",,,,,,,,,
2552296,,Ghadi (2013),,,,,,,,,,,,,,,,,,,,,,,,,,,,,,,,,,,,,,,,"$579,164",,,,,,,,,,,,,"$3,577",,,,,,,,,,,,"$66,572",,,,,,,,,"$19,457",,,,,
2476552,,West (2013),,,,,,,,,,,,,,,,,,,,,,,,,"$110,740",,,,,,,,,,,,,,,,,,,,,,,,,,,,,,,,,,,,,,,,"$110,117",,,,,,,,,,,,,,
2911342,,Dragon Nest: Warriors' Dawn (2014),,,,,,,"$8,155",,,,,"$8,810,000",,,,,,,,,,,,,,,,,,,,,,,,,,,,,,,"$105,513",,,,,,,,,"$99,109",,,,,,"$494,150",,,,,,"$36,508",,,,,,,,,,,,,,,
3397918,,Harbinger Down (2015),,,,,,,,,,,,,,,,,,,,,,,,,,,,,,,,,,,,,,,,,,,,,,,,,,,,"$16,430",,,,,,,,"$23,976",,,,,,,,,,,,,,,,,,,
3316948,,American Ultra (2015),"$112,587",,"$368,628","$107,408",,"$167,138","$11,861","$36,535","$63,453",,"$61,094","$3,010,322",,,,"$32,045",,,"$73,991",,"$54,946",,,"$2,255,212","$477,035",,,"$127,705",,,,,,"$262,131",,"$21,594",,,"$19,684","$41,743","$21,306",,"$48,342",,"$184,347",,,,"$9,057",,"$59,336","$21,650",,"$47,030",,"$82,071",,"$2,135,533",,,"$41,767",,"$64,453",,"$543,578",,"$37,689",,"$418,058","$165,782",,"$70,258","$49,430","$534,374","$982,216",,,,
1781922,,No Escape (2015),"$848,854",,,,,,,"$126,430",,,"$184,331",,"$535,308",,,,"$82,972",,"$74,243",,,,"$20,127","$1,243,443",,,"$204,331","$1,575,878",,"$28,378","$32,445",,,"$831,783",,"$16,267",,,"$14,224","$181,799",,"$176,846","$2,047,373",,"$233,021",,,,"$1,587",,"$505,105","$63,398",,"$215,086",,,,"$52,060",,"$219,101",,,"$76,793","$300,776","$1,000,930","$162,412",,,"$134,043","$93,684",,"$221,074",,"$1,158,076","$1,875,129","$34,675",,"$61,983",
1398426,,Straight Outta Compton (2015),,,"$8,733,790","$269,782",,"$285,261",,"$92,824","$1,652",,,,,"$25,123",,"$36,815","$232,046",,,,"$32,860",,"$289,950","$3,447,640","$5,355,084",,,,,"$119,607",,,"$130,136","$641,650","$166,982",,"$4,676",,,"$6,076",,,"$371,425",,"$950,508","$789,751","$3,253","$469,094","$2,703",,,"$10,086","$244,462",,,,,"$147,425",,"$37,674","$3,837",,"$134,837","$356,286","$213,348","$583,296","$185,937","$972,508","$250,277","$15,296",,,,"$128,965","$12,216,965",$497,,,
3813310,,Cop Car (2015),,,,,,,,,,,,,,,,,,,,,,,,,,,,,,,,,,,,,,,,"$1,725",,,,,,,,,,,,,,,,,,,,,,,,,,,,,,"$7,381",,,,,,,,,
2205948,,Puella Magi Madoka Magica the Movie Part 1: Beginnings (2012),,,,,,,,,,,,,,,,,,,,,,,,,,,,,,,,,,,"$5,635,890",,,,,,,,,,,,,,,,,,,,,,,,,,,,,,,,,,,,,,,,,,,,
3125652,,Pasolini (2014),,,,"$16,461",,,,,,,,,,,,,,"$30,757",,,,,,,,,"$13,471",,,,,,,"$347,240",,,,,,,,,,,,,,,,,,,,"$18,598",,,,,,,,,,,"$124,665",,,,,,,,,,,,,,
0488870,,Always: Sunset on Third Street (2005),,,,,,,,,,,,,,,,,,,,,,,,,,,,"$4,754",,,,,,,"$25,492,618",,,,,,,,,,,,,,,,,,,,,,,,,,,,,,,,,,"$97,301",,,,,,,,,,
2072230,,Attack on Titan Part 1 (2015),,,"$173,046",,,,,,,,,,,,,,,,,,,,,,,,,"$1,407,115",,,,,,,"$25,786,343",,,,,,,"$201,197",,,,"$49,528",,,,,,"$668,086",,,,,,"$302,422",,"$583,912",,,,,,,,,"$600,667","$560,656",,,"$28,163",,,,,,
0106417,,Sailor Moon R: The Movie: The Promise of the Rose (1993),,,,,,,,,,,,,,,,,,"$619,902",,,,,,,,,,,,,,,,,,,,,,,,,,,,,,,,,,,,,,,,,,,,,,,,,,,,,,,,,,,,,
3824458,,Tangerine (2015),,,"$11,225",,,,,"$21,910",,,,,,,,,,"$702,354",,,,,,"$16,458",,,,"$7,778",,,,,,,,,,,,,,,"$9,913",,,"$18,188",,,,,,,"$1,744","$1,152",,,,,,,,,,"$14,006",,,,,,"$6,995",,,,,"$28,376",,,,
1708135,,13 Minutes (2015),,,,"$37,212",,"$10,512",,,,,,,"$76,196",,,,,,,,,,"$3,785",,"$858,772",,,,,,,,,,,,,,,,,,,,,"$36,692",,"$26,762",,,,,,"$12,802",,,,"$15,044",,,,,,,"$47,037",,,,,,,"$41,888",,,,,,,
4255626,,I Kissed a Girl (2015),,,,,,,,,,,,,,,,,,,,,,,,,,,,"$39,043",,,,,,,,,,,,,,,,,,,,,,,,,,,,,,,,,,,,,,,,,,,,,,,,,,,
1706598,,Every Secret Thing (2014),,,,,,,,,,,,,,,,,,,,,,,,,,,,,,,,,,,,,,,,,,,,,,,,,,,,,,,,,,,,,,,,,,,,,,,,,,"$21,197",,,,,
3313908,,Women Who Flirt (2014),,,"$95,656",,,,,,,,,"$36,720,000",,,,,,,,,,,,,,,,"$1,717,934",,,,,,,,,,,,,,"$167,001",,,,"$18,374",,,,,,,,,,,,,,"$61,672",,,,,,,,,,,,,,,,,,,
0466043,,Khottabych (2006),,,,,,,,,,,,,,,,,,,,,,,,,,,,,,,,,,,,,,,,,,,,,,,,,,,,,,,,,,"$1,382,540",,,,,,,,,,,,,,,,,,,,,
2637378,,Match (2014),,,,,,,,,,,,,,,,,,"$37,285",,,,,,,,,,,,,,,,,,,,,,,,,,,,,,,,,,,,,,,,"$2,192,080",,,,,,,,,,,,,,,"$242,801",,,,,,
2446980,,Joy (2015),"$314,194",,"$5,828,619","$527,184","$67,881","$445,375","$37,195","$1,358,552","$54,581",,"$60,278",,"$99,743","$94,132",,"$51,229","$693,952",,"$82,718",,,,"$385,359","$3,323,140","$2,204,519",,"$288,617","$608,525","$129,855","$43,019","$220,995",,"$608,906","$2,792,298",,,"$11,316",,"$22,513","$107,161","$50,453","$26,260","$1,409,739",,"$880,621","$749,409",,"$576,149","$13,847",,"$159,701",,"$344,828","$459,621","$47,931","$114,564",,"$543,431","$34,940","$260,155","$34,039","$32,672","$163,253","$1,160,224","$3,137,235","$980,971","$269,809","$715,162","$1,188,104","$86,391",,"$247,865","$43,761","$532,617","$6,850,975","$59,810",,,
1242457,,Taras Bulba (2009),,,,,,,,,,,,,,,,,,,,,,,,,,,,,,,,,,,,,,,,,,,,,,,,,,,,,,,,,,"$17,054,215",,,,,,,,,,,,,,,"$1,834,005",,,,,,
1606652,,PiraMMMida (2011),,,,,,,,,,,,,,,,,,,,,,,,,,,,,,,,,,,,,,,,,,,,,,,,,,,,,,,,,,"$1,169,868",,,,,,,,,,,,,,,,,,,,,
1976009,,Victor Frankenstein (2015),"$737,337",,,,"$12,395",,"$124,954","$2,228,410","$59,699",,"$288,011",,"$483,324",,,"$42,385",,,"$364,171",,,,,"$996,428",,,,"$593,595",,,,,,"$169,460",,,"$12,985",,,"$19,110",,"$1,096,145","$5,176,528",,,,,,"$13,466",,"$707,410",,,,"$17,123","$80,168",,"$3,205,055","$20,859","$327,433","$28,005",,"$42,638",,"$82,621",,,,"$406,880",,,"$92,283","$389,365",,"$1,395,831","$11,244","$2,932,106","$399,098",
3170902,,Theeb (2014),,,,,,"$26,215",,"$27,934",,,,,"$19,982",,,,,,,"$6,230",,,,,,,,,,,,$488,,,,"$54,991",,"$72,115",,"$4,547",,,,,,"$37,684",,"$102,000","$7,474",,,,,,$664,,,,,,,"$1,763",,,"$15,356",,,,,,"$1,309",,,"$32,638","$74,035",,,,
4635372,,Masaan (2015),,,,,,,,,,,,,,,,,,,,,,,,,,,,,,,"$530,939",,,,,,,,,,,,,,,,,,,,,,,,,,,,,,,,,,,,,,,,,,,,,,,,
4819514,,Go Away Mr. Tumor (2015),,,"$124,830",,,,,,,,,"$80,120,000",,,,,,,,,,,,,,,,"$40,590",,,,,,,,,,,,,,,,,,"$21,460",,,,,,,,,,,,,,,,,,"$13,374",,,,,,,,,,,,,,,
3802576,,Brothers (2015),,,"$83,223",,"$121,033",,,,,,,,,,,,,"$613,775",,,,,,,,,,,,,"$17,012,208",,,,,,,,,,"$1,160","$19,736",,,,"$102,999",,,"$150,466",,,,,,"$131,155",,,,,,,,,,,,,,,,,,,"$1,236,953","$222,902",,,,
4600952,,The Guardians (2017),,,,,,,"$156,886","$140,183","$52,304",,,"$2,877,806","$168,675",,,"$9,728",,,,,,,,,,,,,,,,,,,,,,,,,,,"$1,160,864",,,,,,,,,,,,,,,"$4,803,565",,,,,,,,,,,,"$356,898",,,,"$36,065",,"$2,509",,,
0940656,,Arthur 3: The War of the Two Worlds (2010),,,,,,"$1,260,038",,,"$92,717",,,,,"$115,004",,"$56,808","$299,218",,,,,,"$140,522","$27,367,493",,,"$179,075",,"$68,234","$26,872",,,,"$498,181",,,,,,"$5,873",,,,,"$101,439",,,"$205,755",,,,,"$343,640","$138,198",,,,"$1,085,296","$36,861",,,,,"$366,645","$1,171,965","$238,864",,,"$27,212",,,,,"$60,069",,,,,
1699745,,Captive (2012),"$21,333",,,,,,,"$18,841",,,,,,,,,,,,,,,,,,,,,,,,,,,,,,,,,,,,,,,,,,,,"$26,880",,,,,,,,,,,,,"$16,081",,,,,,,,,,,,,,
2474958,,Kill Your Friends (2015),,,,,,,,,,,,,,,,,,,,,,,,,,,,,,,,,,,,,,,,,,,,,,,,,,,,,,,,,,"$86,630",,,,,,,,,,,,"$34,544",,,,,,,,,
3289728,,Equals (2015),,,,,,"$15,841",,,"$4,129",,,,,,,,,,,,"$7,608",,,,,,,"$11,562",,,,,"$35,133","$329,680","$3,087",,,,"$4,139",,,,,,"$39,143",,,,,,"$12,202","$94,094",,"$15,566",,,,"$455,753",,"$93,555",,,"$7,583","$467,098",,,,,"$83,868","$132,770",,"$70,377","$26,445","$24,369",,,,"$30,945",
1727776,,Scouts Guide to the Zombie Apocalypse (2015),,,"$670,632","$101,501",,,"$203,823","$1,285,548",,,"$114,835",,"$297,047",,,,,,"$119,378",,"$16,452",,,,"$506,480",,,"$1,288,139",,"$35,798",,,,,,,,,"$24,367",,"$13,431",,"$2,030,837",,"$62,102","$52,662",,$480,,,"$688,538","$266,907",,"$55,092",,,,"$491,354",,"$336,959",,"$22,339","$21,733",,,,,,"$940,808","$110,846",,,,,"$819,197",,"$626,226",,
3362914,,We Come as Friends (2014),,,,"$23,712",,,,,,,,,,,,,,,,,,,,,,,,,,,,,,,,,,,,,,,,,,,,,,,,,,,,,,,,,,,,,,,,,,,,,,,,,,,
3077214,,Suffragette (2015),,,"$2,910,615","$338,823",,"$142,244",,"$444,748",,,"$18,328",,"$17,769",,,,"$131,456",,"$12,564",,,,"$129,184","$304,257","$2,036,701",,"$46,439","$73,402",,"$10,545",,,,"$1,263,230",,,,,,,,,"$146,913",,"$235,586","$798,145",,"$147,907",,,"$43,316",,"$68,830","$297,876",,,,,,"$33,988",,"$3,926","$45,726","$189,500","$1,604,077","$1,404,284","$65,025",,"$35,412","$4,742",,"$54,157",,"$11,992","$14,074,045","$26,222","$97,702",,
4298958,,Sweet Bean (2015),"$8,340",,,"$92,842",,"$103,174",,"$34,844",,,,,,,,,,"$124,800",,,,,"$65,661",,,,,"$167,499",,,,,,"$343,939","$2,562,291",,,,,,"$6,951",,,,,"$36,456",,"$134,449",,,,,,"$28,611",,,,,,,,"$6,584",,"$188,040","$817,724",,,,,,,,,,"$6,145",,,,
3900206,,Flowers (2014),,,,,,,,,,,,,,,,,,,,,,,,,,,"$26,131",,,,,,,,,,,,,,,,,,,,,,,,,,,,,,,,,,,,,,"$51,722",,,,,,,,,,,,,,
1779824,,The Marquis (2011),,,,,,,,,,,,,,,,,,,,,,,,,,,,,,,,,,,,,,,,,,,,,,,,,,,,,,,,,,"$13,521",,,,,,,,,,,,,,,,,,,,,
2088883,,Rising from Ashes (2012),,,,,,,,,,,,,,,,,,,,,,,,,,,,,,,,,,,,,,,,,,,,,,"$15,202",,,,,,,,,,,,,,,,,,,,,,,,,,,,,,,,,
4593108,,The High Sun (2015),"$67,049",,,,,,,,,,,,,,,,,,,,,,,,,,,,,,,,,,,,,,,,,,,,,,,,,,,,,,,,,,,,,,,,,,,,,,,,,,,,,,
1730695,,Blades of Blood (2010),,,,,,,,,,,,,,,,,,,,,,,,,,,,,,,,,,,,,,,,,,,,,,,,,,,,,,,,,,,,,,,,"$8,258,631",,,,,,,,,,,,,,,
4768764,,Veteran (2015),,,"$184,651",,,,,,,,,,,,,,,,,,,,,,,,,"$43,861",,,,,,,,,,,,,,,,,,"$48,039",,,,,,,,,,,,,,,,,,"$92,838,964",,,,,,"$1,544",,,,,,,,"$75,334",
3501416,,Assassination (2015),,,"$223,922",,,,,,,,,"$6,730,000",,,,,,,,,,,,,,,,"$187,249",,,,,,,,,,,,,,,,,,"$64,448",,,,,,,,,,,,,,"$61,014",,,,"$86,915,500",,,,,,"$2,993",,,,,,,,"$29,965",
